{"teamName":"Team Mauve","teamMembers":[{"name":"Hassan Abbas","id":"7ae3efe4-74bf-42ed-bed1-b4bc2636ebaa","email":"habbas91@uw.edu"},{"name":"Riley Bennett","id":"fc9860a4-81fa-4c08-9b5f-8d0981d52fb7","email":"benn3230@uw.edu"},{"name":"Thinh Le","id":"f54a1292-bd53-47f8-98bc-ad9b0700e2af","email":"lenguyenducthinh2003@gmail.com"},{"name":"Bairu Li","id":"0cf8239d-d959-4a15-9a53-bfe61fd40b3f","email":"bairul@uw.edu"},{"name":"Tin H Phu","id":"7f86ac72-251a-4f03-aefd-e88cef978199","email":"phuhutin@uw.edu"}],"user":{"name":"RileyBennett","id":"15ae3ff5-b908-44fc-ba9e-d274a6d08f17","email":"benn3230@uw.edu"},"versionNumber":0.2}